derekh,derekh@redhat.com,Derek Higgins
dprince,dprince@redhat.com,Dan Prince
slagle,jslagle@redhat.com,James Slagle
bnemec,bnemec@redhat.com,Ben Nemec
sshnaidm,sshnaidm@redhat.com,Sagi Shnaidman
emacchi,emilien@redhat.com,Emilien Macchi
gcerami,gcerami@redhat.com,Gabriele Cerami
